probe;nuc;act;frac;Passage;Area;X;Y;XM;YM;Perim;Major;Minor;Angle;Circ;AR;Round;Solidity;Age
p08;0,2925;0,3299;1,5358;8;7967,731;114,59;90,271;124,475;91,883;465,017;143,511;70,69;2,482;0,463;2,03;0,493;0,813;Young
p08;0,3868;0,3523;1,8714;8;8481,122;116,248;154,603;136,338;146,084;550,956;229,957;46,959;21,69;0,351;4,897;0,204;0,837;Young
p08;0,3334;0,2085;1,8651;8;2017,759;192,877;148,558;195,919;145,274;219,008;69,215;37,118;36,865;0,529;1,865;0,536;0,794;Young
p08;0,3827;0,4015;1,7663;8;2433,11;57,284;197,178;58,402;198,295;292,737;116,061;26,692;127,958;0,357;4,348;0,23;0,849;Young
p08;0,3183;0,3903;1,4238;8;2734,978;59,691;80,231;58,173;76,988;372,058;151,052;23,054;98,147;0,248;6,552;0,153;0,794;Young
p08;0,4394;0,4935;1,7746;8;1082,134;107,619;38,968;104,83;38,183;194,792;81,63;16,879;127,754;0,358;4,836;0,207;0,907;Young
p08;0,4551;0,3005;1,6912;8;1110,418;157,596;95,181;153,676;92,048;246,11;111,751;12,652;133,594;0,23;8,833;0,113;0,82;Young
p08;0,3695;0,2787;1,8053;8;3092,836;189,531;138,434;189,237;138,153;325,372;135,806;28,997;141,401;0,367;4,683;0,214;0,915;Young
p08;0,4033;0,3884;1,7589;8;1573,834;209,287;41,247;209,949;42,719;241,997;112,579;17,8;131,037;0,338;6,325;0,158;0,876;Young
p08;0,4001;0,4336;1,91;8;8927,88;70,525;183,687;86,142;192,585;447,823;189,419;60,012;136,631;0,559;3,156;0,317;0,912;Young
p08;0,4687;0,2908;1,74;8;1118,169;143,075;144,532;149,621;139,972;223,69;98,276;14,487;35,432;0,281;6,784;0,147;0,849;Young
p08;0,4601;0,4477;1,5945;8;862,11;183,755;101,716;177,031;109,419;166,081;75,218;14,593;43,419;0,393;5,154;0,194;0,928;Young
p08;0,3238;0,314;1,6541;8;3793,051;215,538;108,019;220,249;102,344;293,663;106,594;45,307;70,399;0,553;2,353;0,425;0,868;Young
p08;0,439;0,29;1,7792;8;1974,494;125,345;43,578;125,215;42,194;281,23;90,257;27,854;126,602;0,314;3,24;0,309;0,615;Young
p08;0,3951;0,3653;1,764;8;1873,158;43,078;94,625;45,771;98,996;267,885;113,166;21,075;125,658;0,328;5,37;0,186;0,909;Young
p08;0,3953;0,3684;1,6571;8;2975,709;138,498;154,906;138,46;157,178;422,407;130,61;29,008;92,205;0,21;4,502;0,222;0,52;Young
p08;0,4242;0,2511;1,8298;8;1676,154;78,39;94,316;85,312;87,476;229,689;101,728;20,979;45,974;0,399;4,849;0,206;0,867;Young
p08;0,3402;0,119;1,815;8;2056,916;56,776;51,078;53,855;52,58;252,604;78,476;33,373;154,513;0,405;2,352;0,425;0,718;Young
p08;0,3287;0,1101;1,8173;8;1750,247;175,661;19,829;174,743;18,634;192,839;73,349;30,382;28,634;0,591;2,414;0,414;0,9;Young
p08;0,3188;0,1045;1,8364;8;2308,175;197,502;42,669;200,228;41,419;239,865;97,708;30,078;25,477;0,504;3,249;0,308;0,853;Young
p20;0,2521;0,4431;1,7316;20;5500,554;88,05;89,958;88,261;102,926;533,2;152,048;46,061;102,376;0,243;3,301;0,303;0,492;Old
p20;0,2315;0,4671;1,7846;20;4936,38;153,98;113,462;153,984;117,033;445,834;187,505;33,52;58,965;0,312;5,594;0,179;0,843;Old
p20;0,2569;0,4727;1,813;20;2633,006;212,141;112,136;201,92;116,423;215,913;79,534;42,151;7,224;0,71;1,887;0,53;0,959;Old
p20;0,1789;0,52;1,7574;20;4525,135;132,186;66,539;136,412;60,193;397,926;159,481;36,127;56,139;0,359;4,414;0,227;0,717;Old
p20;0,2378;0,3092;1,7689;20;5131,995;79,856;144,255;82,921;143,297;421,794;113,651;57,494;160,288;0,362;1,977;0,506;0,672;Old
p20;0,2867;0,5019;1,8302;20;5219,566;82,478;215,073;87,85;218,478;411,761;98,557;67,43;8,508;0,387;1,462;0,684;0,69;Old
p20;0,1724;0,5812;1,7357;20;1927,296;138,098;45,782;135,738;42,225;232,114;105,748;23,205;122,196;0,45;4,557;0,219;0,893;Old
p20;0,2393;0,4211;1,7516;20;2994,508;146,334;211,046;145,186;212,166;281,176;82,394;46,274;151,609;0,476;1,781;0,562;0,79;Old
p20;0,0047;0,283;1,6703;20;1784,431;97,143;207,157;94,085;204,756;261,578;103,269;22,001;119,367;0,328;4,694;0,213;0,755;Old
p20;0,1995;0,5236;1,7783;20;4220,837;45,459;122,485;44,844;135,964;313,09;101,468;52,964;112,324;0,541;1,916;0,522;0,796;Old
p20;0,2088;0,2312;1,7773;20;4019,206;86,349;172,348;76,021;171,158;419,501;166,656;30,707;166,233;0,287;5,427;0,184;0,706;Old
p20;0,1887;0,5246;1,0759;20;2340,16;162,773;162,849;159,674;161,866;280,982;94,95;31,381;169,956;0,372;3,026;0,33;0,824;Old
p20;0,2076;0,4812;1,7757;20;5362,258;164,492;98,173;161,56;97,401;490,389;144,269;47,324;154,333;0,28;3,049;0,328;0,579;Old
p20;0,1969;0,3728;1,7712;20;5773,676;62,627;52,212;74,26;43,001;341,671;143,013;51,403;47,125;0,622;2,782;0,359;0,927;Old
p20;0,1698;0,355;1,7913;20;4214,938;53,437;82,363;44,336;91,558;415,839;178,174;30,12;50,14;0,306;5,915;0,169;0,816;Old
p20;0,0873;0,1047;1,7913;20;2018,915;41,302;61,073;35,578;64,104;261,722;104,233;24,662;43,614;0,37;4,226;0,237;0,781;Old
p20;0,2159;0,2775;1,7454;20;9555,1;101,201;169,231;95,207;162,16;747,515;141,46;86,003;117,911;0,215;1,645;0,608;0,521;Old
p20;0,2055;0,4056;1,7454;20;2600,962;133,061;44,726;134,967;47,108;295,422;94,443;35,065;149,404;0,375;2,693;0,371;0,74;Old
p20;0,0422;0,3774;1,7454;20;1321,13;188,683;73,197;184,299;73,326;210,073;88,109;19,091;4,463;0,376;4,615;0,217;0,84;Old
p20;0,1976;0,5078;1,7859;20;4792,762;63,716;162,564;52,683;157,951;413,238;110,91;55,02;160,57;0,353;2,016;0,496;0,65;Old
p18;0,4943;0,2317;1,7718;18;3035,921;54,517;182,765;53,374;182,533;342,085;113,013;34,204;70,755;0,326;3,304;0,303;0,77;Old
p18;0,3517;0,1387;1,7718;18;5099,489;126,701;187,543;126,066;187,515;357,246;117,375;55,317;74,159;0,502;2,122;0,471;0,802;Old
p18;0,4855;0,3499;1,7718;18;2176,183;185,647;26,962;181,165;30,978;228,009;78,614;35,246;38,357;0,526;2,23;0,448;0,856;Old
p18;0,4197;0,4663;1,8532;18;1795,073;197,146;61,775;192,541;63,146;202,635;84,07;27,186;12,888;0,549;3,092;0,323;0,894;Old
p18;0,4442;0,5251;1,8232;18;2760,428;148,86;193,178;145,603;195,26;281,559;102,375;34,331;172,422;0,438;2,982;0,335;0,861;Old
p18;0,349;0,329;1,8159;18;4038,872;201,581;97,395;202,217;95,36;301,312;93,872;54,781;164,651;0,559;1,714;0,584;0,774;Old
p18;0,3888;0,3483;1,8297;18;2621,148;175,437;167,297;170,993;158,283;369,986;134,453;24,822;108,354;0,241;5,417;0,185;0,655;Old
p18;0,3619;0,1846;1,6641;18;2046,505;94,604;83,406;91,402;81,69;282,653;114,832;22,691;164,572;0,322;5,061;0,198;0,776;Old
p18;0,3926;0,4517;1,8373;18;2752,504;206,066;59,264;204,335;64,207;254,553;103,15;33,976;40,938;0,534;3,036;0,329;0,883;Old
p18;0,3738;0,368;1,8036;18;6493,614;107,452;131,996;106,706;135,613;438,768;186,961;44,223;91,191;0,424;4,228;0,237;0,896;Old
p18;0,4326;0,4204;1,8039;18;3375,502;203,332;200,572;205,993;202,844;285,436;122,71;35,024;138,731;0,521;3,504;0,285;0,932;Old
p18;0,4538;0,3133;1,8312;18;2620,165;149,608;227,667;151,346;226,888;269,969;106,953;31,192;9,918;0,452;3,429;0,292;0,859;Old
p18;0,406;0,2395;1,2991;18;3247,674;207,835;56,478;211,226;50,852;286,868;128,088;32,283;51,215;0,496;3,968;0,252;0,912;Old
p18;0,3898;0,5111;1,5336;18;5379,321;190,514;192,036;190,435;198,169;293,033;106,718;64,18;68,765;0,787;1,663;0,601;0,964;Old
p18;0,3666;0,5141;1,6054;18;4877,035;89,551;142,945;90,638;147,67;310,378;128,596;48,288;42,677;0,636;2,663;0,375;0,967;Old
p18;0,4627;0,4821;1,6978;18;2749,727;30,419;173,621;28,495;178,679;301,661;124,416;28,14;67,047;0,38;4,421;0,226;0,844;Old
p18;0,3477;0,3335;1,801;18;8167,859;96,342;92,993;101,597;101,374;462,881;178,608;58,226;130,592;0,479;3,067;0,326;0,842;Old
p18;0,4724;0,3738;1,7514;18;4969,059;111,429;219,218;116,017;219,388;340,941;148,617;42,571;172,324;0,537;3,491;0,286;0,936;Old
p18;0,3239;0,3976;1,6982;18;5459,372;212,025;111,256;216,757;109,946;300,005;105,904;65,636;77,408;0,762;1,614;0,62;0,965;Old
p18;0,482;0,4658;1,8322;18;3856,964;76,531;184,738;64,565;180,541;380,428;178,994;27,436;159,652;0,335;6,524;0,153;0,867;Old
p13;0,3632;0,1558;1,8008;13;1633,699;89,462;193,618;90,043;193,917;212,036;65,013;31,995;79,728;0,457;2,032;0,492;0,755;Middle
p13;0,3437;0,167;1,8008;13;1535,081;138,606;147,49;137,503;149,536;189,522;77,034;25,372;73,171;0,537;3,036;0,329;0,892;Middle
p13;0,35;0,1784;1,8008;13;3003,01;74,23;147,149;72,745;150,165;297,884;121,388;31,498;31,396;0,425;3,854;0,259;0,912;Middle
p13;0,2931;0,3289;1,7142;13;2990,748;21,812;71,068;21,129;77,621;338,879;150,348;25,328;84,097;0,327;5,936;0,168;0,782;Middle
p13;0,4157;0,4346;1,7142;13;3185,381;99,72;107,968;100,146;102,829;429,082;151,123;26,837;68,846;0,217;5,631;0,178;0,596;Middle
p13;0,3549;0,3183;1,8504;13;2922,67;56,453;107,161;60,913;106,259;343,026;142,024;26,202;40,554;0,312;5,42;0,184;0,762;Middle
p13;0,4363;0,4874;1,8527;13;3983,981;137,807;212,486;136,372;213,803;457,511;188,085;26,97;172,091;0,239;6,974;0,143;0,723;Middle
p13;0,3374;0,2407;1,8504;13;2634,163;56,159;108,137;60,994;106,132;335,238;139,816;23,988;40,582;0,295;5,829;0,172;0,696;Middle
p13;0,4542;0,4736;1,8087;13;3376,89;141,1;212,534;136,489;213,77;411,432;184,675;23,282;171,032;0,251;7,932;0,126;0,871;Middle
p13;0,407;0,4423;1,8069;13;2941,931;91,954;68,452;100,941;57,479;402,527;194,509;19,258;55,325;0,228;10,1;0,099;0,846;Middle
p13;0,4866;0,4158;1,8592;13;3220,432;116,429;120,988;110,028;128,04;357,27;160,91;25,482;51,464;0,317;6,315;0,158;0,831;Middle
p13;0,3994;0,2709;1,8195;13;3043,036;196,73;178,343;195,14;181,553;337,303;124,067;31,229;68,234;0,336;3,973;0,252;0,776;Middle
p13;0,4114;0,539;1,7605;13;4207,418;141,115;51,71;139,495;59,424;323,538;104,892;51,072;86,168;0,505;2,054;0,487;0,836;Middle
p13;0,3679;0,4485;1,8556;13;6593,562;129,672;120,564;130,794;120,93;551,482;184,768;45,436;63,197;0,272;4,067;0,246;0,7;Middle
p13;0,3009;0,2707;1,8192;13;8159,067;124,033;28,677;125,673;25,465;474,428;197,909;52,491;170,753;0,456;3,77;0,265;0,932;Middle
p13;0,4063;0,3394;1,8584;13;3199,146;192,689;27,329;189,743;26,087;299,123;131,342;31,013;160,297;0,449;4,235;0,236;0,879;Middle
p13;0,4303;0,3119;1,7911;13;3826,656;76,251;194,685;74,212;194,402;301,141;120,132;40,557;103,41;0,53;2,962;0,338;0,826;Middle
p13;0,4194;0,5127;1,6636;13;3067,849;41,75;107,405;42,096;109,634;290,595;110,729;35,276;124,575;0,457;3,139;0,319;0,868;Middle
p13;0,4341;0,4812;1,7274;13;6207,362;67,237;52,468;62,02;51,456;361,94;148,118;53,359;136,341;0,595;2,776;0,36;0,987;Middle
p13;0,3857;0,5007;1,7186;13;4839,15;161,57;56,63;135,846;44,113;427,337;162,124;38,004;151,731;0,333;4,266;0,234;0,773;Middle
Ctrl;0,1296;0,093;;;;;;;;;;;;;;;;
Ctrl;0,1037;0,055;;;;;;;;;;;;;;;;
Ctrl;0,0261;0,037;;;;;;;;;;;;;;;;
Ctrl;0,1267;0,105;;;;;;;;;;;;;;;;
Ctrl;0,006;0,063;;;;;;;;;;;;;;;;
Ctrl;0,1191;0,109;;;;;;;;;;;;;;;;
Ctrl;0,08;0,1033;;;;;;;;;;;;;;;;
Ctrl;0,1261;0,0945;;;;;;;;;;;;;;;;
Ctrl;0,1292;0,0165;;;;;;;;;;;;;;;;
Ctrl;0,0805;0,1164;;;;;;;;;;;;;;;;
Ctrl;0,1125;0,0628;;;;;;;;;;;;;;;;
Ctrl;0,1042;0,1191;;;;;;;;;;;;;;;;
Ctrl;0,1272;0,1037;;;;;;;;;;;;;;;;
Ctrl;0,1239;0,0766;;;;;;;;;;;;;;;;
Ctrl;0,1168;0,1176;;;;;;;;;;;;;;;;
Ctrl;0,106;0,1218;;;;;;;;;;;;;;;;
Ctrl;0,077;0,0574;;;;;;;;;;;;;;;;
Ctrl;0,002;0,008;;;;;;;;;;;;;;;;
Ctrl;0,093;0,072;;;;;;;;;;;;;;;;
Ctrl;0,002;0,043;;;;;;;;;;;;;;;;
p19;0,1555;0,375;1,5962;19;5263,466;173,023;135,841;175,149;134,082;464,036;145,743;45,983;41,358;0,307;3,17;0,316;0,676;Old
p19;0,1632;0,3796;1,7517;19;4337,154;86,913;102,67;89,286;103,671;386,311;152,618;36,183;8,265;0,365;4,218;0,237;0,823;Old
p19;0,1841;0,4138;1,377;19;2083,986;73,763;46,034;72,862;48,418;231,748;95,072;27,909;50,963;0,488;3,406;0,294;0,817;Old
p19;0,3859;0,1375;1,7658;19;4152,007;66,068;194,015;67,232;193,8;298,849;107,728;49,072;116,923;0,584;2,195;0,456;0,857;Old
p19;0,2702;0,5155;1,7948;19;4282,264;190,14;173,309;188,256;172,746;505,859;122,704;44,435;84,356;0,21;2,761;0,362;0,501;Old
p19;0,1735;0,3857;1,7093;19;4308,928;99,296;53,766;101,51;52,08;450,103;183,165;29,953;33,493;0,267;6,115;0,164;0,728;Old
p19;0,2113;0,1966;1,7448;19;8038,586;151,374;47,635;145,049;43,324;493,118;204,109;50,145;148,649;0,415;4,07;0,246;0,836;Old
p19;0,2439;0,34;1,8036;19;3434,556;105,404;163,812;105,423;163,314;361,651;148,681;29,412;76,599;0,33;5,055;0,198;0,835;Old
p19;0,2838;0,369;1,7681;19;4048,878;212,714;178,386;212,381;179,212;333,595;91,574;56,295;89,982;0,457;1,627;0,615;0,75;Old
p19;0,2609;0,5151;1,8282;19;5233,968;134,734;153,155;135,904;151,868;398,454;139,157;47,889;129,554;0,414;2,906;0,344;0,667;Old
p19;0,2212;0,4172;1,6595;19;2278,503;66,482;47,319;63,976;46,927;213,313;94,997;30,538;82,726;0,629;3,111;0,321;0,964;Old
p19;0,1916;0,5785;1,5166;19;4004,63;46,231;179,223;48,43;173,631;344,012;106,947;47,677;79,277;0,425;2,243;0,446;0,707;Old
p19;0,113;0,3192;1,7912;19;5647,468;64,789;117,285;64,03;117,312;393,854;162,281;44,309;27,032;0,458;3,662;0,273;0,828;Old
p19;0,1781;0,4067;1,5626;19;6114,529;79,452;75,114;89,01;78,991;440,827;136,207;57,158;12,241;0,395;2,383;0,42;0,676;Old
p19;0,193;0,5641;1,7931;19;6899,363;163,472;64,18;165,651;71,303;466,359;144,524;60,783;119,803;0,399;2,378;0,421;0,737;Old
p19;0,1517;0,5495;1,6767;19;7530,401;116,103;181,275;131,079;164,523;561,907;171,018;56,064;38,564;0,3;3,05;0,328;0,669;Old
p19;0,1754;0,4659;1,8196;19;2947,541;82,631;71,068;81,176;69,589;329,177;155,502;24,134;109,746;0,342;6,443;0,155;0,861;Old
p19;0,2362;0,571;1,5403;19;7052,351;135,47;111,384;129,218;145,344;503,76;248,828;36,087;83,291;0,349;6,895;0,145;0,912;Old
p19;0,1979;0,4926;1,7865;19;9059,756;92,367;102,446;95,152;107,078;498,795;206,952;55,739;98,028;0,458;3,713;0,269;0,805;Old
p19;0,2181;0,4429;1,8428;19;5425,304;151,763;126,663;148,36;125,156;374,186;167,293;41,291;154,959;0,487;4,052;0,247;0,918;Old
p17;0,2673;0,2499;1,849;17;5953,559;161,194;54,873;161,645;58,284;472,633;160,726;47,163;152,801;0,335;3,408;0,293;0,728;Middle
p17;0,2942;0,2319;1,8078;17;3254,962;154,488;164,664;154,806;164,498;434,612;178,967;23,157;28,238;0,217;7,728;0,129;0,724;Middle
p17;0,2809;0,1243;1,8043;17;6054,317;143,402;127,274;147,86;124,411;438,726;194,432;39,647;19,334;0,395;4,904;0,204;0,943;Middle
p17;0,2916;0,0922;1,8195;17;3060,098;118,498;99,05;128,6;99,196;249,872;108,549;35,894;5,297;0,616;3,024;0,331;0,973;Middle
p17;0,2797;0,2124;1,8586;17;4237,611;61,612;90,561;69,216;83,765;340,887;159,143;33,904;41,948;0,458;4,694;0,213;0,882;Middle
p17;0,2865;0,0885;1,8231;17;9317,03;195,696;98,79;194,573;91,321;618,539;225,024;52,718;97,196;0,306;4,268;0,234;0,682;Middle
p17;0,4208;0,187;1,89;17;5932,852;154,941;154,931;154,473;169,962;424,041;201,825;37,428;89,622;0,415;5,392;0,185;0,924;Middle
p17;0,3102;0,2843;1,8015;17;6248,949;177,63;178,58;176,283;182,659;456,941;126,82;62,738;84,317;0,376;2,021;0,495;0,606;Middle
p17;0,3367;0,3231;1,8075;17;5556,659;82,306;174,227;77,159;184,323;473,836;181,365;39,01;63,436;0,311;4,649;0,215;0,626;Middle
p17;0,3551;-0,0048;1,6164;17;3546,882;210,415;216,479;210,402;214,688;264,973;99,948;45,184;35,825;0,635;2,212;0,452;0,976;Middle
p17;0,2418;0,2132;1,8407;17;3211,235;201,454;131,517;196,868;129,034;267,328;105,442;38,777;141,856;0,565;2,719;0,368;0,845;Middle
p17;0,3608;0,4358;1,888;17;6047,087;161,892;188,403;172,6;189,425;403,139;176,136;43,713;179,212;0,468;4,029;0,248;0,863;Middle
p17;0,3579;0,4322;1,7755;17;4665,282;91,753;133,954;99,691;147,096;327,427;139,582;42,556;122,51;0,547;3,28;0,305;0,906;Middle
p17;0,2806;0,2787;1,8213;17;4022,503;120,773;134,316;119,245;126,544;458,978;173,564;29,509;109,348;0,24;5,882;0,17;0,646;Middle
p17;0,2736;0,3566;1,8145;17;5381,461;71,243;192,719;75,763;189,219;367,329;136,444;50,217;112,367;0,501;2,717;0,368;0,86;Middle
p17;0,26;0,2111;1,8637;17;4449,422;74,089;79,055;76,959;73,927;322,372;146,941;38,554;50,975;0,538;3,811;0,262;0,95;Middle
p17;0,3119;0,3904;1,8814;17;3604,549;174,721;219,584;179,415;219,586;380,652;166,145;27,623;8,849;0,313;6,015;0,166;0,92;Middle
p17;0,2709;0,4349;1,7575;17;3792,299;175,022;135,75;175,131;135,378;411,295;154,213;31,311;29,747;0,282;4,925;0,203;0,644;Middle
p17;0,3278;0,4092;1,8286;17;5232,811;67,264;176,592;67,096;180,361;378,301;158,369;42,07;170,618;0,459;3,764;0,266;0,951;Middle
p17;0,2019;0,4288;1,8565;17;12951,656;117,66;80,729;115,479;75,134;564,938;152,399;108,206;54,905;0,51;1,408;0,71;0,79;Middle
p16;0,4041;0,4229;1,7831;16;1975,072;49,687;185,461;52,372;184,344;283,388;125,475;20,042;37,915;0,309;6,261;0,16;0,803;Middle
p16;0,3321;0,4618;1,7759;16;1963,909;144,44;158,043;144,163;159,302;269,41;74,171;33,713;8,88;0,34;2,2;0,455;0,668;Middle
p16;0,2964;0,4538;1,8289;16;4107,933;191,956;81,004;185,586;82,464;304,798;99,416;52,611;41,578;0,556;1,89;0,529;0,822;Middle
p16;0,2882;0,0926;1,8369;16;2411,824;141,741;44,524;139,126;44,807;230,071;64,718;47,449;157,347;0,573;1,364;0,733;0,836;Middle
p16;0,2893;0,1762;1,8968;16;3998,846;87,033;20,864;93,216;23,363;313,426;135,719;37,515;170,256;0,512;3,618;0,276;0,904;Middle
p16;0,3979;0,5376;1,8198;16;2480,597;196,916;210,352;198,906;208,344;261,243;113,117;27,922;36,185;0,457;4,051;0,247;0,949;Middle
p16;0,2557;0,1054;1,8205;16;5525,714;132,789;54,963;130,83;51,66;294,667;114,259;61,576;88,168;0,8;1,856;0,539;0,977;Middle
p16;0,2969;0,4861;1,8662;16;5524,095;66,844;71,135;75,498;80,8;425,907;190,647;36,893;127,898;0,383;5,168;0,194;0,872;Middle
p16;0,3586;0,2354;1,8201;16;5103,712;64,323;201,417;66,179;202,67;340,243;135,832;47,84;141,871;0,554;2,839;0,352;0,873;Middle
p16;0,3795;0,5768;1,8761;16;4104,231;157,226;140,739;157,051;126,074;476,534;201,521;25,931;89,566;0,227;7,771;0,129;0,717;Middle
p16;0,3844;0,4997;1,8797;16;5040,203;78,381;196,496;89,721;198,274;354,189;147,048;43,642;151,989;0,505;3,369;0,297;0,89;Middle
p16;0,2825;0,2884;1,8259;16;6879,293;146,371;103,498;150,673;104,205;397,741;155,227;56,427;165,345;0,546;2,751;0,364;0,935;Middle
p16;0,3266;0,4616;1,7647;16;5800,918;52,392;85,841;62,296;70,939;420,217;193,86;38,099;59,058;0,413;5,088;0,197;0,891;Middle
p16;0,3887;0,3887;1,7975;16;1754,065;43,881;38,38;44,156;37,419;198,579;75,724;29,493;93,222;0,559;2,568;0,389;0,891;Middle
p16;0,3867;0,5198;1,7796;16;4590,553;180,259;145,665;184,117;144,001;402,608;109,413;53,42;141,501;0,356;2,048;0,488;0,724;Middle
p16;0,3841;0,5568;1,7019;16;2724,22;148,745;51,505;148,946;53,727;274,426;114,201;30,373;112,547;0,455;3,76;0,266;0,906;Middle
p16;0,3967;0,5135;1,9082;16;3221,415;92,606;76,895;89,93;91,758;277,166;108,914;37,659;68,807;0,527;2,892;0,346;0,859;Middle
p16;0,4141;0,498;1,8438;16;3421,6;41,504;190,68;63,44;178,994;331,183;127,367;34,204;35,931;0,392;3,724;0,269;0,739;Middle
p16;0,4803;0,5499;1,8677;16;3209,731;74,54;90,735;83,44;94,839;372,415;175,491;23,288;147,499;0,291;7,536;0,133;0,79;Middle
p16;0,2705;0,5559;1,881;16;5988,726;169,2;123,63;175,539;135,065;573,865;243,333;31,336;113,605;0,229;7,765;0,129;0,578;Middle
p15;0,3214;0,2937;1,7473;15;2789,695;145,546;197,592;143,308;193,623;289,06;121,151;29,318;114,856;0,42;4,132;0,242;0,845;Middle
p15;0,2732;0,4607;1,8193;15;5181,449;110,862;139,294;111,197;134,165;446,731;210,079;31,403;72,609;0,326;6,69;0,149;0,849;Middle
p15;0,3905;0,393;1,816;15;2017,932;86,762;52,023;88,583;54,466;303,583;102,626;25,036;137,956;0,275;4,099;0,244;0,589;Middle
p15;0,2343;0,3265;1,8455;15;6230,788;122,007;130,932;122,02;127,12;484,299;203,136;39,054;74,459;0,334;5,201;0,192;0,832;Middle
p15;0,2273;0,3919;1,8202;15;4116,494;178,629;130,3;179,932;131,412;454,328;207,208;25,295;65,462;0,251;8,192;0,122;0,827;Middle
p15;0,381;0,2351;1,8894;15;3692,987;72,747;137,628;69,555;139,962;331,875;140,727;33,413;32,194;0,421;4,212;0,237;0,845;Middle
p15;0,4254;0,3947;1,8323;15;1913,299;124,67;167,281;124,977;165,964;248,517;102,325;23,807;41,796;0,389;4,298;0,233;0,764;Middle
p15;0,3993;0,4178;1,8376;15;2100,297;187,309;47,417;188,279;50,549;233,75;96,53;27,703;118,069;0,483;3,484;0,287;0,864;Middle
p15;0,4083;0,4649;1,9018;15;5260,748;98,425;185,778;96,206;186,252;497,89;229,715;29,159;158,432;0,267;7,878;0,127;0,802;Middle
p15;0,3499;0,4121;1,8476;15;3646,078;181,015;71,179;187,587;64,964;425,342;138,627;33,488;18,194;0,253;4,14;0,242;0,527;Middle
p15;0,378;0,4112;1,8575;15;4140,729;54,151;64,377;53,941;64,194;306,847;119,032;44,292;171,481;0,553;2,687;0,372;0,894;Middle
p15;0,3496;0,4845;1,9123;15;6570,136;42,386;178,042;41,469;188,888;393,875;141,066;59,301;100,914;0,532;2,379;0,42;0,792;Middle
p15;0,3834;0,3919;1,8656;15;6262,484;59,144;118,418;59,526;118,955;528,289;188,659;42,265;59,759;0,282;4,464;0,224;0,871;Middle
p15;0,3646;0,4763;1,8882;15;5517,443;191,098;176,165;189,293;175,814;372,801;114,481;61,364;27,254;0,499;1,866;0,536;0,772;Middle
p15;0,3611;0,3069;1,8773;15;4727,865;111,933;193,325;116,192;192,052;411,568;176,234;34,157;25,884;0,351;5,159;0,194;0,841;Middle
p15;0,3046;0,3569;1,8412;15;4571,35;195,275;187,823;198,317;186,922;337,927;146,222;39,805;49,267;0,503;3,673;0,272;0,937;Middle
p15;0,3772;0,4337;1,9165;15;5163,75;55,563;90,508;50,499;82,593;326,269;135,019;48,695;131,244;0,61;2,773;0,361;0,882;Middle
p15;0,32;0,5474;1,7933;15;5333,28;155,488;115,31;166,104;116,056;438,413;184,312;36,843;2,319;0,349;5,003;0,2;0,807;Middle
p15;0,3598;0,5407;1,7571;15;4492,398;184,104;188,78;187,15;189,635;339,698;139,616;40,969;142,083;0,489;3,408;0,293;0,87;Middle
p15;0,3592;0,3643;1,7865;15;3685,699;86,348;143,925;79,996;147,399;365,278;150,433;31,195;10,835;0,347;4,822;0,207;0,893;Middle
p14;0,2814;0,2028;1,3918;14;4916,193;98,776;226,903;101,647;229,139;422,659;183,116;34,183;3,656;0,346;5,357;0,187;0,726;Middle
p14;0,369;0,3923;1,7055;14;4912,087;110,116;162,591;129,245;161,728;525,256;208,206;30,039;4,901;0,224;6,931;0,144;0,568;Middle
p14;0,3091;0,251;1,8568;14;3958,937;177,904;79,539;185,824;72,3;409,508;162,187;31,079;31,962;0,297;5,218;0,192;0,785;Middle
p14;0,2749;0,2737;1,658;14;2756,09;95,845;97,888;102,771;97,851;306,771;116,84;30,034;175,06;0,368;3,89;0,257;0,667;Middle
p14;0,3657;0,3756;1,6746;14;2301,639;166,7;41,654;165,835;41,397;195,95;59,288;49,429;109,568;0,753;1,199;0,834;0,907;Middle
p14;0,3701;0,4407;1,8636;14;5457,868;142,548;195,216;158,958;198,15;494,182;232,79;29,852;162,906;0,281;7,798;0,128;0,932;Middle
p14;0,3025;0,1784;1,7398;14;3856,097;79,883;81,055;80,778;82,407;396,474;181,525;27,047;21,5;0,308;6,711;0,149;0,904;Middle
p14;0,2373;0,4524;1,8897;14;3768,179;222,556;118,709;220,533;115,656;397,646;158,183;30,331;84,53;0,299;5,215;0,192;0,868;Middle
p14;0,2913;0,203;1,7779;14;4802,132;94,604;157,013;91,9;153,907;432,786;200,308;30,524;127,179;0,322;6,562;0,152;0,872;Middle
p14;0,2795;0,3418;1,7713;14;3436,697;54,913;141,968;55,915;138,66;324,923;143,213;30,554;126,549;0,409;4,687;0,213;0,91;Middle
p14;0,3451;0,5032;1,7814;14;1616,867;172,156;101,73;178,637;99,194;202,406;93,165;22,097;26,893;0,496;4,216;0,237;0,872;Middle
p14;0,3118;0,4438;1,8574;14;3999,078;84,724;77,404;85,965;79,418;399,589;150,025;33,94;174,445;0,315;4,42;0,226;0,722;Middle
p14;0,3313;0,5304;1,8215;14;4274,282;188,56;124,773;198,363;129,376;366,909;120,24;45,261;169,589;0,399;2,657;0,376;0,762;Middle
p14;0,2711;0,558;1,7861;14;4650,128;57,886;170,745;43,525;177,718;394,306;132,522;44,677;23,731;0,376;2,966;0,337;0,711;Middle
p14;0,2193;0,4927;1,8834;14;6375,273;64,455;85,212;65,707;91,966;400,327;159,346;50,941;121,597;0,5;3,128;0,32;0,864;Middle
p14;0,2941;0,287;1,8504;14;7354,624;41,972;164,708;38,501;158,094;396,527;161,368;58,03;111,666;0,588;2,781;0,36;0,939;Middle
p14;0,3025;0,488;1,7965;14;7924,525;44,674;78,436;42,084;89,367;448,46;196,775;51,276;104,061;0,495;3,838;0,261;0,936;Middle
p14;0,3479;0,5183;1,8061;14;2956,333;114,229;153,426;113,122;150,901;381,287;180,441;20,861;104,523;0,256;8,65;0,116;0,949;Middle
p14;0,4183;0,4309;1,8344;14;4447,456;153,898;62,562;148,942;53,877;469,639;138,228;40,966;118,723;0,253;3,374;0,296;0,569;Middle
p14;0,3435;0,3937;1,7699;14;5174,855;70,877;44,199;75,857;48,241;301,463;120,103;54,86;46,904;0,716;2,189;0,457;0,958;Middle
p12;0,2309;0,0638;1,7175;12;4197,354;214,711;141,341;213,784;141,287;366,546;137,341;38,912;63,195;0,393;3,53;0,283;0,854;Young
p12;0,3007;0,1047;1,8048;12;5928,572;151,252;147,506;151,632;146,639;420,289;152,624;49,458;38,107;0,422;3,086;0,324;0,846;Young
p12;0,2773;0,2818;1,868;12;3634,915;148,884;76,478;148,82;78,861;298,788;119,909;38,597;50,27;0,512;3,107;0,322;0,824;Young
p12;0,3431;0,2977;1,801;12;4193,652;88,092;93,306;89,785;103,637;349,255;142,956;37,351;98,251;0,432;3,827;0,261;0,81;Young
p12;0,2629;0,1561;1,8238;12;3524,209;28,033;81,14;27,958;82,397;274,148;97,37;46,083;111,674;0,589;2,113;0,473;0,887;Young
p12;0,2575;0,2511;1,7826;12;2186,826;43,557;117,809;55,061;109,083;262,845;118,915;23,415;40,179;0,398;5,079;0,197;0,865;Young
p12;0,19;0,1954;1,7687;12;4567,301;165,758;110,78;167,926;110,42;367,43;139,899;41,568;52,805;0,425;3,366;0,297;0,779;Young
p12;0,1601;0,3091;1,4249;12;3345,887;42,61;130,132;46,581;132,532;268,05;90,711;46,964;164,174;0,585;1,931;0,518;0,877;Young
p12;0,1819;0,1481;1,61;12;3598,649;174,795;123,695;171,602;122,118;322,462;134,958;33,951;163,667;0,435;3,975;0,252;0,851;Young
p12;0,1697;0,0609;1,7191;12;4155,594;67,836;104,723;66,439;105,228;342,179;120,022;44,084;162,01;0,446;2,723;0,367;0,871;Young
p12;0,1066;-0,0039;1,668;12;3071,03;56,078;75,315;57,636;73,554;258,385;110,183;35,488;171,128;0,578;3,105;0,322;0,967;Young
p12;0,2471;0,0642;1,7737;12;2943,897;190,489;89,156;188,357;90,324;247,891;88,866;42,179;13,055;0,602;2,107;0,475;0,903;Young
p12;0,2402;0,1906;1,5452;12;3562,557;191,285;154,283;190,083;155,619;275,433;116,984;38,774;19,806;0,59;3,017;0,331;0,923;Young
p12;0,2576;0,2867;1,6147;12;3936,321;159,342;194,121;156,874;190,125;416,275;142,206;35,244;155,284;0,285;4,035;0,248;0,685;Young
p12;0,2113;0,0457;1,8099;12;4840,712;168,832;47,35;171,94;46,184;383,932;131,245;46,961;23,856;0,413;2,795;0,358;0,776;Young
p12;0,1595;0,0801;1,7607;12;4064,322;138,401;40,048;142,974;37,757;350,071;131,637;39,312;11,612;0,417;3,349;0,299;0,832;Young
p12;0,2678;0,3686;1,6661;12;3676,387;172,117;107,304;165,683;104,797;381,172;93,596;50,012;110,744;0,318;1,871;0,534;0,721;Young
p12;0,2578;-0,0559;1,8402;12;5922,846;108,004;103,352;108,048;99,597;324,631;102,511;73,565;119,084;0,706;1,393;0,718;0,926;Young
p12;0,235;0,1721;1,7851;12;3550,7;87,474;42,32;84,712;41,436;264,266;71,261;63,441;146,404;0,639;1,123;0,89;0,855;Young
p12;0,2212;0,3696;1,7905;12;8023,316;167,587;107,672;182,585;114,331;491,463;190,44;53,642;143,174;0,417;3,55;0,282;0,816;Young
p11;0,2315;0,0948;1,7156;11;4506,568;119,975;210,926;121,826;211,25;289,744;94,363;60,807;141,936;0,675;1,552;0,644;0,906;Young
p11;0,1933;0,0295;1,638;11;2924,752;42,295;184,4;44,123;186,682;235,572;89,661;41,533;150,715;0,662;2,159;0,463;0,935;Young
p11;0,2804;0,0789;1,7826;11;6253,577;114,11;137,363;120,241;134,973;430,745;159,336;49,972;10,552;0,424;3,189;0,314;0,905;Young
p11;0,288;0,1826;1,6863;11;2988,839;163,999;95,173;160,957;98,259;322,186;90,871;41,878;14,368;0,362;2,17;0,461;0,69;Young
p11;0,2333;0,2929;1,4864;11;6713,927;126,233;77,94;131,002;75,65;557,859;217,661;39,274;29,698;0,271;5,542;0,18;0,769;Young
p11;0,2654;0,1811;1,638;11;4040,781;75,038;40,751;75,635;40,889;363,545;167,231;30,765;3,166;0,384;5,436;0,184;0,917;Young
p11;0,268;0,1533;1,5524;11;3110,362;213,545;149,373;211,635;144,609;286,479;99,972;39,614;62,066;0,476;2,524;0,396;0,924;Young
p11;0,3707;0,1994;1,7734;11;4375,444;120,531;73,765;130,471;78,79;428,478;190,008;29,32;164,587;0,299;6,481;0,154;0,923;Young
p11;0,3422;0,47;1,7019;11;5181,97;131,314;47,108;138,269;52,727;399,699;177,013;37,273;154,512;0,408;4,749;0,211;0,822;Young
p11;0,2421;0,039;1,6035;11;3062,007;204,455;211,838;205,452;212,021;228,921;91,952;42,399;146,09;0,734;2,169;0,461;0,961;Young
p11;0,3822;0,3817;1,8105;11;4352,945;93,458;179,571;96,43;180,247;431,811;148,764;37,256;158,283;0,293;3,993;0,25;0,807;Young
p11;0,2977;0,2902;1,7969;11;4596,221;207,833;146,634;206,262;143,401;283,729;107,723;54,325;126,99;0,717;1,983;0,504;0,914;Young
p11;0,2644;0,3963;1,6139;11;4997,632;127,332;47,21;119,054;47,718;472,215;148,251;42,922;153,893;0,282;3,454;0,29;0,61;Young
p11;0,2359;0,1979;1,7999;11;6239,232;81,626;72,696;86,36;72,395;359,786;136,967;57,999;149,314;0,606;2,362;0,423;0,907;Young
p11;0,2473;0,3133;1,4626;11;6109,323;90,588;179,943;87,563;179,582;474,656;203,314;38,259;154,991;0,341;5,314;0,188;0,731;Young
p11;0,2037;0,2589;1,5619;11;5657,995;53,086;204,237;53,556;204,943;366,627;131,018;54,985;142,353;0,529;2,383;0,42;0,844;Young
p11;0,3286;0,4467;1,8195;11;7180,756;93,727;142,324;93,101;143,564;512,451;141,265;64,721;24,756;0,344;2,183;0,458;0,814;Young
p11;0,3073;0,4439;1,8584;11;6781,601;114,97;80,659;117,433;83,894;368,74;149,603;57,717;28,802;0,627;2,592;0,386;0,934;Young
p11;0,2866;0,2192;1,809;11;6794,441;56,17;72,452;62,94;63,603;415,15;161,077;53,707;41,765;0,495;2,999;0,333;0,849;Young
p11;0,3479;0,4923;1,6951;11;4904,799;177,314;185,456;175,68;185,829;334,958;117,56;53,121;52,698;0,549;2,213;0,452;0,875;Young
p10;0,304;0,3557;1,7259;10;4303,896;106,77;79,718;109,02;82,309;396,646;172,774;31,717;126,277;0,344;5,447;0,184;0,887;Young
p10;0,3441;0,368;1,6882;10;3326,222;136,272;154,422;136,24;149,148;406,374;127,482;33,221;139,785;0,253;3,837;0,261;0,514;Young
p10;0,2968;0,1759;1,8385;10;3701,952;181,066;177,838;185,725;177,148;302,643;122,985;38,326;29,855;0,508;3,209;0,312;0,856;Young
p10;0,3114;0,1763;1,826;10;2543,411;203,204;210,104;202,595;210,176;264,748;108,412;29,871;34,007;0,456;3,629;0,276;0,865;Young
p10;0,3295;0,2283;1,6414;10;1930,767;213,67;142,464;213,805;144,242;234,875;96,74;25,412;99,13;0,44;3,807;0,263;0,819;Young
p10;0,3464;0,3642;1,7046;10;3221,241;119,147;152,981;120,111;154,07;307,581;135,838;30,193;17,137;0,428;4,499;0,222;0,858;Young
p10;0,2253;0,0671;1,7046;10;2021,113;134,138;81,972;139,148;80,188;260,296;120,782;21,306;19,233;0,375;5,669;0,176;0,839;Young
p10;0,3723;0,4555;1,7074;10;3233,33;104,879;212,361;97,477;218,286;408,623;133,192;30,909;28,646;0,243;4,309;0,232;0,528;Young
p10;0,3254;0,2189;1,7904;10;2349,935;45,525;92,552;46,907;90,963;276,622;105,882;28,258;53,736;0,386;3,747;0,267;0,71;Young
p10;0,3687;0,2351;1,8222;10;1944,533;27,986;77,454;26,614;80,143;210,776;53,627;46,168;63,157;0,55;1,162;0,861;0,804;Young
p10;0,3167;0,2223;1,8295;10;2339,582;99,492;32,207;97,766;29,712;231,993;80,412;37,045;114,142;0,546;2,171;0,461;0,824;Young
p10;0,2861;0,4755;1,7583;10;5102,439;88,215;94,71;81,554;88,568;437,295;122,265;53,136;110,344;0,335;2,301;0,435;0,591;Young
p10;0,3496;0,537;1,7649;10;3577,827;207,903;181,276;213,323;189,832;374,064;93,621;48,658;133,371;0,321;1,924;0,52;0,697;Young
p10;0,3341;0,4903;1,8698;10;3160,451;185,097;97,237;190,332;95,198;346,115;111,51;36,086;18,015;0,332;3,09;0,324;0,66;Young
p10;0,3357;0,5166;1,7717;10;4146,05;94,088;116,426;103,88;125,667;424,766;181,634;29,064;138,38;0,289;6,25;0,16;0,799;Young
p10;0,2966;0,4496;1,8343;10;4041,764;98,216;174,201;102,424;169,168;270,857;74,501;69,075;76,871;0,692;1,079;0,927;0,864;Young
p10;0,3266;0,2899;1,832;10;2323,618;223,439;127,441;219,687;117,506;212,291;84,617;34,964;105,536;0,648;2,42;0,413;0,954;Young
p10;0,3176;0,4356;1,7745;10;2863,557;86,459;152,142;83,964;151,28;383,562;117,453;31,042;105,487;0,245;3,784;0,264;0,657;Young
p10;0,2821;0,4528;1,6671;10;4333,973;89,3;34,02;95,732;36,127;268,374;85,069;64,867;108,059;0,756;1,311;0,763;0,971;Young
p10;0,3486;0,3122;1,7855;10;4981,9;89,717;31,883;95,114;31,293;380,249;161,026;39,392;21,571;0,433;4,088;0,245;0,925;Young
p09;0,2993;0,4034;1,5767;9;2288,278;79,888;204,298;81,603;197,968;271,518;99,542;29,269;68,424;0,39;3,401;0,294;0,733;Young
p09;0,3881;0,4008;1,6807;9;5514,898;189,503;153,105;185,162;152,851;436,208;125,351;56,017;14,531;0,364;2,238;0,447;0,688;Young
p09;0,3467;0,3701;1,7526;9;4743,482;127,874;96,976;129,475;94,522;437,009;142,152;42,487;48,767;0,312;3,346;0,299;0,754;Young
p09;0,3695;-0,0705;1,7724;9;2258,201;197,484;60,299;197,182;60,628;235,429;87,064;33,024;34,835;0,512;2,636;0,379;0,788;Young
p09;0,3361;0,1773;1,7362;9;1812,888;192,677;25,489;193,099;25,833;211,592;88,852;25,979;171,568;0,509;3,42;0,292;0,871;Young
p09;0,3735;0,3675;1,7535;9;4089,366;76,782;150,113;73,579;148,271;335,462;100,817;51,646;134,143;0,457;1,952;0,512;0,793;Young
p09;0,3509;0,3556;1,8082;9;4004,052;135,266;81,059;130,057;67,316;455,099;166,632;30,595;117,644;0,243;5,446;0,184;0,641;Young
p09;0,4243;0,1823;1,7955;9;3314,191;163,358;37,377;159,79;35,34;254,637;101,285;41,662;125,007;0,642;2,431;0,411;0,961;Young
p09;0,4369;0,3206;1,7673;9;2888,66;173,501;180,96;167,891;181,804;323,216;131,52;27,965;179,026;0,347;4,703;0,213;0,788;Young
p09;0,4736;0,3141;1,7277;9;2207,243;174,081;130,836;168,352;127,675;257,503;100,885;27,857;160,693;0,418;3,622;0,276;0,877;Young
p09;0,3587;0,3447;1,7613;9;6416,571;77,919;100,219;74,894;100,666;391,721;158,135;51,664;7,948;0,525;3,061;0,327;0,882;Young
p09;0,2808;0,3671;1,7752;9;3941,122;24,263;70,37;26,205;69,573;328,313;135,231;37,107;83,785;0,459;3,644;0,274;0,816;Young
p09;0,5102;0,5729;1,5666;9;1926,66;176,595;198,475;165,835;193,287;258,413;125,089;19,611;147,171;0,363;6,379;0,157;0,913;Young
p09;0,4357;0,4417;1,7626;9;2336,285;83,07;141,267;79,44;139,504;276,123;129,225;23,019;148,365;0,385;5,614;0,178;0,745;Young
p09;0,3962;0,455;1,7802;9;3501,478;165,356;46,556;163,841;35,99;370,171;116,69;38,206;112,251;0,321;3,054;0,327;0,657;Young
p09;0,3748;0,3905;1,7307;9;3767,485;101,087;86,745;104,547;94,706;411,634;153,307;31,29;118,633;0,279;4,9;0,204;0,621;Young
p09;0,3999;0,4647;1,7674;9;4392,045;98,44;169,592;104,739;168,243;507,338;119,884;46,646;150,993;0,214;2,57;0,389;0,472;Young
p09;0,4879;0,4087;1,6018;9;2870,151;195,497;193,279;195,867;198,705;411,543;88,821;41,143;121,691;0,213;2,159;0,463;0,657;Young
p09;0,4453;0,4275;1,5647;9;2745,621;187,87;36,665;190,95;39,132;274,475;102,984;33,945;156,25;0,458;3,034;0,33;0,811;Young
p09;0,3946;0,2482;1,8452;9;5370,876;71,43;50,703;65,964;47,686;365,252;166,285;41,125;148,185;0,506;4,043;0,247;0,919;Young
p26;0,1191;0,424;1,7481;26;6489,924;108,688;120,084;106,515;120,425;386,343;144,246;57,286;4,739;0,546;2,518;0,397;0,888;Old
p26;0,2323;0,2612;1,7784;26;6405,741;94,69;60,298;94,462;63,065;352,364;125,722;64,873;83,116;0,648;1,938;0,516;0,908;Old
p26;0,0663;0,3736;1,6937;26;5892,191;138,111;88,887;138,432;88,82;378,243;140,405;53,432;83,782;0,518;2,628;0,381;0,908;Old
p26;0,1268;0,2748;1,6914;26;5659,412;94,441;60,036;91,913;63,068;334,434;130,492;55,22;84,828;0,636;2,363;0,423;0,96;Old
p26;0,3063;0,5779;1,9075;26;3388,568;54,169;162,074;55,306;164,216;313,668;120,853;35,7;168,747;0,433;3,385;0,295;0,758;Old
p26;0,2124;0,5158;1,7534;26;6962,977;115,314;126,509;120,521;141,194;357,453;124,619;71,141;101,205;0,685;1,752;0,571;0,874;Old
p26;0,2407;0,561;1,514;26;3985,791;68,828;68,967;70,855;75,231;352,907;161,026;31,516;108,771;0,402;5,109;0,196;0,801;Old
p26;0,209;0,4956;1,4126;26;5811,197;129,103;30,063;132,461;33,121;335,478;109,194;67,761;157,541;0,649;1,611;0,621;0,932;Old
p26;0,1097;0,4838;1,733;26;6921,045;116,451;124,304;117,842;134,845;378,924;130,355;67,601;100,77;0,606;1,928;0,519;0,82;Old
p26;0,0939;0,4254;1,5853;26;6572,609;100,585;149,494;98,045;144,179;373,882;138,79;60,296;11,763;0,591;2,302;0,434;0,915;Old
p26;0,0889;0,3506;1,7462;26;4314,68;25,273;120,119;27,35;115,829;286,002;100,652;54,58;77,427;0,663;1,844;0,542;0,915;Old
p26;0,0345;0,3597;1,6968;26;5480,14;103,589;91,032;105,135;90,396;349,864;138,567;50,355;17,255;0,563;2,752;0,363;0,915;Old
p26;0,0084;0,2398;1,7352;26;7128,601;70,628;58,229;73,41;61,081;435,02;174,098;52,134;179,764;0,473;3,339;0,299;0,902;Old
p26;0,1454;0,3557;1,628;26;4780,462;85,997;28,309;84,406;30,891;373,458;161,151;37,77;170,055;0,431;4,267;0,234;0,818;Old
p26;0,1387;0,4658;1,7528;26;4898,446;128,473;127,399;128,042;128,64;293,215;113,503;54,949;83,565;0,716;2,066;0,484;0,924;Old
p26;0,0925;0,4206;1,6983;26;4556,993;56,45;44,547;55,767;40,58;327,533;118,161;49,104;113,841;0,534;2,406;0,416;0,884;Old
p26;0,2454;0,5602;1,8528;26;4314,871;33,686;92,237;33,759;83,033;385,983;174,396;31,502;95,383;0,364;5,536;0,181;0,797;Old
p26;0,0496;0,2261;1,6386;26;5006,185;144,078;90,504;142,012;84,566;360,978;121,171;52,604;75,205;0,483;2,303;0,434;0,84;Old
p26;0,0914;0,3085;1,6952;26;6716,037;72,216;98,328;69,432;96,349;402,083;126,015;67,858;115,255;0,522;1,857;0,538;0,876;Old
p26;0,0811;0,2954;1,6949;26;4519,897;42,022;106,674;45,083;107,151;356,672;155,933;36,906;123,864;0,446;4,225;0,237;0,915;Old
p21;0,3052;0,4582;1,8204;21;10883,287;48,789;100,724;40,514;95,873;459,004;192,768;71,884;109,356;0,649;2,682;0,373;0,949;Old
p21;0,4207;0,5646;1,7157;21;6508,074;160,231;63,618;153,823;65,688;432,366;181,888;45,557;145,093;0,437;3,992;0,25;0,856;Old
p21;0,34;0,4651;1,713;21;5707,449;181,774;164,664;179,924;153,138;353,269;142,728;50,915;109,173;0,575;2,803;0,357;0,914;Old
p21;0,4335;0,559;1,582;21;3391,986;131,94;172,945;132,222;176,848;354,193;130,321;33,14;79,293;0,34;3,932;0,254;0,68;Old
p21;0,4158;0,2562;1,4114;21;2288,856;120,451;95,472;127,69;78,032;376,844;177,534;16,415;65,131;0,203;10,815;0,092;0,717;Old
p21;0,2985;0,4861;1,7264;21;1212,506;120,686;62,09;121,814;63,333;185,403;82,476;18,718;27,011;0,443;4,406;0,227;0,869;Old
p21;0,2321;0,241;1,5194;21;2422,756;135,9;180,281;142,562;180,654;228,733;84,149;36,658;25,828;0,582;2,296;0,436;0,897;Old
p21;0,3392;0,4239;1,8623;21;3417,783;41,052;59,696;34,062;50,977;284,427;130,948;33,232;126,559;0,531;3,94;0,254;0,943;Old
p21;0,1466;-0,0135;1,8623;21;2232,346;168,779;40,338;168,826;41,159;268,412;106,087;26,792;57,074;0,389;3,96;0,253;0,907;Old
p21;0,2576;0,2103;1,7818;21;1090,232;195,553;49,055;192,042;52,071;172,801;77,993;17,798;44,219;0,459;4,382;0,228;0,855;Old
p21;0,3151;-0,2478;1,7897;21;3775,004;47,133;24,626;43,614;21,706;294,63;117,209;41,008;23,483;0,546;2,858;0,35;0,97;Old
p21;0,2033;0,0556;1,69;21;3447,686;89,015;31,041;80,695;35,414;346,014;157,763;27,825;24,495;0,362;5,67;0,176;0,944;Old
p21;0,2404;0,251;1,6914;21;1264,967;27,578;81,647;26,541;81,545;142,599;55,981;28,77;8,992;0,782;1,946;0,514;0,969;Old
p21;0,1815;-0,078;1,6948;21;2853,03;86,947;79,225;86,571;79,719;263,767;108,932;33,347;162,638;0,515;3,267;0,306;0,922;Old
p21;0,1797;0,0986;1,5821;21;2513,103;150,984;129,092;149,251;125,211;235,816;97,817;32,712;142,256;0,568;2,99;0,334;0,943;Old
p21;0,3465;0,2455;1,8728;21;2678,989;207,344;189,178;204,604;186,031;242,394;96,89;35,205;124,748;0,573;2,752;0,363;0,869;Old
p21;0,4066;0,2243;1,7426;21;3606,631;69,301;199,931;71,297;197,067;352,011;146,173;31,416;34,766;0,366;4,653;0,215;0,891;Old
p21;0,3853;0,3963;1,7343;21;2524,902;50,724;57,658;57,667;59,626;247,78;110,611;29,064;159,779;0,517;3,806;0,263;0,935;Old
p21;0,324;0,1836;1,7663;21;2107,237;129,36;71,752;129,736;73,292;245,916;113,408;23,658;172,692;0,438;4,794;0,209;0,922;Old
p21;0,374;0,195;1,8444;21;5815,205;74,386;134,52;72,701;137,269;342,737;136,714;54,158;31,309;0,622;2,524;0,396;0,939;Old
p22;0,4976;0,383;1,7132;22;2211,639;64,67;215,529;66,778;219,616;230,072;84,026;33,513;131,323;0,525;2,507;0,399;0,901;Old
p22;0,4131;0,7096;1,7863;22;3229,397;78,487;178,327;79,104;181,758;356,379;98,096;41,916;149,489;0,32;2,34;0,427;0,62;Old
p22;0,4069;0,6101;1,7505;22;3412,461;175,187;159,472;188,607;158,928;329,542;146,216;29,716;8,62;0,395;4,921;0,203;0,831;Old
p22;0,3568;0,5384;1,7689;22;7041,651;150,28;116,818;147,846;115,81;386,234;172,166;52,076;178,853;0,593;3,306;0,302;0,969;Old
p22;0,366;0,5732;1,7913;22;2677,08;192,901;79,478;203,619;75,512;258,005;109,19;31,217;13,888;0,505;3,498;0,286;0,923;Old
p22;0,3576;0,4641;1,574;22;2707,967;192,691;39,171;199,306;39,709;242,271;103,299;33,378;171,559;0,58;3,095;0,323;0,94;Old
p22;0,3558;0,5678;1,6847;22;7841,755;66,765;100,745;78,551;88,615;471,188;185,593;53,797;62,637;0,444;3,45;0,29;0,851;Old
p22;0,3929;0,1298;1,7386;22;2918,968;59,287;194,019;58,49;194,461;244,453;98,958;37,557;88,543;0,614;2,635;0,38;0,914;Old
p22;0,4707;0,3942;1,6406;22;3336,98;92,705;177,444;92,312;175,989;346,832;144,733;29,356;86,303;0,349;4,93;0,203;0,823;Old
p22;0,3593;0,1296;1,8194;22;1786,571;155,219;39,417;153,499;40,16;190,672;80,22;28,356;87,469;0,618;2,829;0,353;0,938;Old
p22;0,4365;0,5768;1,7207;22;4241,718;159,052;102,303;155,636;109,327;509,066;238,477;22,647;64,246;0,206;10,53;0,095;0,894;Old
p22;0,3892;0,4045;1,6804;22;2940,658;103,677;50,192;106,131;55,312;267,83;114,085;32,819;112,537;0,515;3,476;0,288;0,938;Old
p22;0,3572;0,5547;1,7731;22;22992,904;134,603;135,819;139,126;135,527;703,169;199,141;147,008;72,986;0,584;1,355;0,738;0,805;Old
p22;0,5175;0,471;1,9329;22;2869,92;121,906;173,737;116,398;160,724;336,874;158,29;23,085;114,523;0,318;6,857;0,146;0,939;Old
p22;0,459;0,5085;1,6794;22;4878,481;95,199;197,838;92,977;200,851;404,801;165,991;37,421;24,989;0,374;4,436;0,225;0,686;Old
p22;0,4183;0,6638;1,6013;22;7925,45;196,102;154,944;194,597;157,804;491,294;181,434;55,618;64,957;0,413;3,262;0,307;0,766;Old
p22;0,3525;0,5496;1,6368;22;7182,376;158,083;56,96;155,554;53,454;412,71;112,169;81,528;41,437;0,53;1,376;0,727;0,787;Old
p22;0,4204;0,6121;1,7751;22;3123,376;73,1;122,608;76,647;121,93;319,665;128,593;30,925;63,419;0,384;4,158;0,24;0,816;Old
p22;0,354;0,5457;1,7323;22;2536,008;74,111;36,067;69,19;35,922;240,799;104,416;30,924;161,673;0,55;3,377;0,296;0,891;Old
p22;0,4051;0,4639;1,6822;22;3811,212;38,245;82,468;36,411;75,85;315,206;116,989;41,479;90,731;0,482;2,82;0,355;0,842;Old
p23;0,3419;0,4238;1,9087;23;3874,027;185,403;104,228;182,751;101,447;346,73;150,449;32,786;88,189;0,405;4,589;0,218;0,971;Old
p23;0,3842;0,1665;1,9363;23;3457,924;118,083;108,973;117,718;109,158;260,101;104,837;41,996;8,349;0,642;2,496;0,401;0,955;Old
p23;0,3552;0,4556;1,9409;23;5319,456;70,409;75,004;61,881;90,262;360,903;161,27;41,997;53;0,513;3,84;0,26;0,934;Old
p23;0,3127;0,5128;1,9268;23;7873,972;188,89;119,221;186,623;120,827;487,916;198,246;50,571;97,537;0,416;3,92;0,255;0,85;Old
p23;0,2441;0,2065;1,9262;23;10522,306;97,294;65,257;94,323;62,451;492,382;181,282;73,904;129,265;0,545;2,453;0,408;0,952;Old
p23;0,2769;0,1599;1,9417;23;9900,06;79,539;129,906;70,975;121,139;542,417;254,381;49,552;130,304;0,423;5,134;0,195;0,934;Old
p23;0,4059;-0,0881;1,8116;23;2872,291;122,092;207,075;125,734;201,727;269,801;102,131;35,808;50,112;0,496;2,852;0,351;0,927;Old
p23;0,4274;0,1915;1,8431;23;3797,851;149,806;112,481;154,359;106,358;332,793;135,33;35,732;58,709;0,431;3,787;0,264;0,894;Old
p23;0,37;0,0532;1,7643;23;3817,633;84,586;52,936;84,462;52,655;321,642;137,286;35,406;5,055;0,464;3,877;0,258;0,931;Old
p23;0,2611;0,3883;1,521;23;4145,992;83,919;26,488;72,423;25,733;358,468;151,775;34,781;174,006;0,405;4,364;0,229;0,829;Old
p23;0,3489;0,2678;1,7676;23;6554,52;180,325;116,395;181,233;120,92;378,551;164,181;50,831;157,285;0,575;3,23;0,31;0,95;Old
p23;0,3507;0,2143;1,8384;23;5371,686;137,773;133,448;142,325;135,366;472,779;224,168;30,51;157,544;0,302;7,347;0,136;0,763;Old
p23;0,2922;0,2338;1,7968;23;4180,638;193,945;94,855;197,382;93,875;265,725;97,943;54,347;23,718;0,744;1,802;0,555;0,943;Old
p23;0,3648;0,1501;1,814;23;3688,88;168,188;140,657;162,992;138,17;307,822;128,993;36,412;156,39;0,489;3,543;0,282;0,936;Old
p23;0,2801;0,3583;1,8184;23;9024,821;121,56;190,257;137,847;186,899;519,43;241,255;47,629;13,132;0,42;5,065;0,197;0,874;Old
p23;0,357;0,4098;1,9131;23;3839,786;134,481;89,326;118,605;80,755;382,198;160,824;30,399;153,871;0,33;5,29;0,189;0,882;Old
p23;0,3281;0,4432;1,9352;23;4502,173;124,905;137,079;123,65;138,287;358,51;148,746;38,538;177,855;0,44;3,86;0,259;0,921;Old
p23;0,2859;0,3118;1,9014;23;5304,88;167,735;167,135;177,067;168,657;384,087;158,178;42,701;3,386;0,452;3,704;0,27;0,755;Old
p23;0,3429;-0,1923;1,9232;23;3585,635;160,734;215,769;163,498;213,042;240,241;81,886;55,753;177,066;0,781;1,469;0,681;0,952;Old
p23;0,3582;0,3227;1,9127;23;5672,05;34,574;178,707;30,657;185,065;359,017;147,45;48,978;70,665;0,553;3,011;0,332;0,959;Old
p24;0,2569;0,4919;1,9188;24;3337,79;53,575;34,891;54,725;38,751;293,03;126,872;33,497;153,99;0,488;3,788;0,264;0,919;Old
p24;0,2606;0,3474;1,9105;24;3701,2;174,742;174,837;173,851;169,791;314,836;136,881;34,428;108,249;0,469;3,976;0,252;0,875;Old
p24;0,2538;0,4151;1,9436;24;7356,938;113,703;135,933;111,636;131,467;498,886;232,82;40,233;117,399;0,371;5,787;0,173;0,906;Old
p24;0,2873;0,4976;1,971;24;6360,697;132,789;177,925;126,978;183,025;455,011;160,048;50,602;43,144;0,386;3,163;0,316;0,763;Old
p24;0,3168;0,4828;1,9324;24;4614,094;85,733;180,246;80,533;177,693;469,591;118,38;49,627;119,408;0,263;2,385;0,419;0,61;Old
p24;0,2846;0,4514;1,9325;24;6130,492;154,381;150,544;150,668;142,485;439,184;179,922;43,383;146,029;0,399;4,147;0,241;0,911;Old
p24;0,2485;0,3666;1,921;24;7808,381;154,786;76,13;153,747;76,582;435,353;173,212;57,398;1,336;0,518;3,018;0,331;0,891;Old
p24;0,2758;0,4422;1,7185;24;5579,159;74,187;106,835;76,422;108,466;477,415;182,128;39,003;143,493;0,308;4,67;0,214;0,816;Old
p24;0,2211;0,2326;1,8203;24;3862,748;140,956;113,394;141,912;112,535;394,723;124,723;39,433;141,515;0,312;3,163;0,316;0,824;Old
p24;0,2207;0,0358;1,9048;24;8664,996;84,621;126,011;78,787;132,866;441,963;178,369;61,853;28,948;0,557;2,884;0,347;0,901;Old
p24;0,2294;0,1645;1,9254;24;2553,533;202,625;16,14;205,771;16,435;246,055;102,529;31,711;171,846;0,53;3,233;0,309;0,949;Old
p24;0,2783;0,2739;1,9387;24;6086,534;156,571;70,071;156,311;69,909;379,591;144,718;53,55;8,979;0,531;2,702;0,37;0,898;Old
p24;0,1865;0,2195;1,6684;24;4273,125;69,06;42,168;64,829;41,519;329,958;128,642;42,294;158,956;0,493;3,042;0,329;0,889;Old
p24;0,2896;0,2977;1,725;24;7245,595;165,182;85,283;160,617;89,648;442,811;182,115;50,657;47,153;0,464;3,595;0,278;0,902;Old
p24;0,3041;0,3987;1,7408;24;7222,806;76,828;177,399;76,332;179,643;417,639;165,148;55,686;68,257;0,52;2,966;0,337;0,895;Old
p24;0,2559;0,475;1,9265;24;6148,249;186,698;171,407;182,761;169,534;393,082;176,268;44,411;121,494;0,5;3,969;0,252;0,911;Old
p24;0,3139;0,3968;1,8902;24;3553,187;60,765;154,408;57,497;159,038;374,987;133,292;33,941;87,707;0,318;3,927;0,255;0,602;Old
p24;0,2291;0,4716;1,9321;24;4704,151;108,542;55,016;117,052;52,368;460,448;93,171;64,285;31,274;0,279;1,449;0,69;0,574;Old
p24;0,2488;0,4472;1,9583;24;7068,662;179,914;89,039;179,949;95,866;406,749;174,423;51,599;92,87;0,537;3,38;0,296;0,958;Old
p24;0,211;0,3223;1,899;24;5638,561;53,88;57,986;49,156;61,361;331,9;129,102;55,609;3,571;0,643;2,322;0,431;0,973;Old
p25;-0,1067;-0,1039;1,9388;25;10330,102;147,719;132,135;150,28;136,557;706,017;230,234;57,128;150,845;0,26;4,03;0,248;0,554;Old
p25;0,1585;0,3852;1,6435;25;6882,358;105,76;101,317;105,048;97,753;448,575;203,185;43,128;103,291;0,43;4,711;0,212;0,9;Old
p25;0,031;-0,0779;1,7077;25;11122,861;60,882;161,062;74,277;175,446;454,859;175,809;80,553;115,518;0,676;2,183;0,458;0,94;Old
p25;0,2149;0,2179;1,8891;25;5458,967;123,656;147,948;113,294;148,419;570,678;212,442;32,717;0,954;0,211;6,493;0,154;0,656;Old
p25;0,2719;0,4258;1,9308;25;4264,854;151,63;90,992;140,489;99,924;476,797;175,744;30,898;34,279;0,236;5,688;0,176;0,634;Old
p25;0,2539;0,3794;1,883;25;3332,237;169,948;144,766;169,13;143,778;403,026;143,451;29,576;16,201;0,258;4,85;0,206;0,667;Old
p25;0,2407;0,6419;1,8584;25;4943,783;123,213;58,443;120,303;64,659;493,629;95,116;66,178;93,939;0,255;1,437;0,696;0,516;Old
p25;0,085;0,0153;1,9334;25;8014,235;78,441;195,367;76,73;193,294;467,476;178,057;57,308;160,269;0,461;3,107;0,322;0,86;Old
p25;-0,1288;0,146;1,9566;25;10515,307;101,757;70,041;114,055;56,472;489,868;182,941;73,185;69,985;0,551;2,5;0,4;0,907;Old
p25;-0,1835;0,651;1,2468;25;6075,833;160,001;173,046;172,685;172,166;335,431;142,898;54,136;4,772;0,679;2,64;0,379;0,962;Old
p25;-0,0942;0,396;1,92;25;4816,477;68,373;143,48;71,435;140,302;389,318;180,275;34,018;44,692;0,399;5,299;0,189;0,897;Old
p25;-0,19;0,2505;1,8807;25;5839,498;72,583;73,785;75,719;69,298;406,956;170,948;43,493;64,797;0,443;3,93;0,254;0,908;Old
p25;-0,0361;0,5647;1,9282;25;5007,812;168,028;86,976;166,663;84,894;433,597;202,524;31,483;126,051;0,335;6,433;0,155;0,932;Old
p25;0,2235;0,45;1,6909;25;8645,909;123,916;99,32;120,192;97,654;563,139;253,17;43,482;135,645;0,343;5,822;0,172;0,9;Old
p25;0,2042;0,4646;1,9141;25;2498,469;99,468;74,383;100,103;84,398;361,878;161,357;19,715;85,069;0,24;8,184;0,122;0,8;Old
p25;0,2388;0,4983;1,9295;25;13588,015;138,451;134,861;134,143;144,458;609,013;186,604;92,714;53,375;0,46;2,013;0,497;0,826;Old
p25;0,0753;0,0657;1,8572;25;3451,562;150,124;46,866;148,877;48,676;447,34;167,478;26,24;2,037;0,217;6,382;0,157;0,654;Old
p25;0,2043;0,1063;1,9153;25;3908,905;116,385;92,276;116,791;91,264;284,871;102,009;48,79;2,045;0,605;2,091;0,478;0,859;Old
p25;-0,0139;0,3363;1,8453;25;5623,06;194,725;115,486;196,807;114,402;377,052;116,952;61,217;35,328;0,497;1,91;0,523;0,829;Old
p25;-0,2068;0,4463;1,9185;25;5397,829;53,431;152,042;54,883;150,553;398,819;134,924;50,938;6,623;0,426;2,649;0,378;0,674;Old